timestamp,model_used,http_status,exception_type,error_message,complete_error
2026-07-10T06:50:28.635132+00:00,gemini-2.5-flash,504,DeadlineExceeded,The request timed out. Please try again.,"Traceback (most recent call last):
  File ""C:\Users\Lenovo\OneDrive\Desktop\INT prj 2 - Copy\venv311\Lib\site-packages\google\api_core\grpc_helpers.py"", line 55, in error_remapped_callable
    return callable_(*args, **kwargs)
           ^^^^^^^^^^^^^^^^^^^^^^^^^^
  File ""C:\Users\Lenovo\OneDrive\Desktop\INT prj 2 - Copy\venv311\Lib\site-packages\grpc\_interceptor.py"", line 276, in __call__
    response, ignored_call = self._with_call(
                             ^^^^^^^^^^^^^^^^
  File ""C:\Users\Lenovo\OneDrive\Desktop\INT prj 2 - Copy\venv311\Lib\site-packages\grpc\_interceptor.py"", line 331, in _with_call
    return call.result(), call
           ^^^^^^^^^^^^^
  File ""C:\Users\Lenovo\OneDrive\Desktop\INT prj 2 - Copy\venv311\Lib\site-packages\grpc\_channel.py"", line 438, in result
    raise self
  File ""C:\Users\Lenovo\OneDrive\Desktop\INT prj 2 - Copy\venv311\Lib\site-packages\grpc\_interceptor.py"", line 314, in continuation
    response, call = self._thunk(new_method).with_call(
                     ^^^^^^^^^^^^^^^^^^^^^^^^^^^^^^^^^^
  File ""C:\Users\Lenovo\OneDrive\Desktop\INT prj 2 - Copy\venv311\Lib\site-packages\grpc\_channel.py"", line 1173, in with_call
    return _end_unary_response_blocking(state, call, True, None)
           ^^^^^^^^^^^^^^^^^^^^^^^^^^^^^^^^^^^^^^^^^^^^^^^^^^^^^
  File ""C:\Users\Lenovo\OneDrive\Desktop\INT prj 2 - Copy\venv311\Lib\site-packages\grpc\_channel.py"", line 990, in _end_unary_response_blocking
    raise _InactiveRpcError(state)  # pytype: disable=not-instantiable
    ^^^^^^^^^^^^^^^^^^^^^^^^^^^^^^
grpc._channel._InactiveRpcError: <_InactiveRpcError of RPC that terminated with:
	status = StatusCode.DEADLINE_EXCEEDED
	details = ""The request timed out. Please try again.""
	debug_error_string = ""DEADLINE_EXCEEDED:The request timed out. Please try again.""
>

The above exception was the direct cause of the following exception:

Traceback (most recent call last):
  File ""c:\Users\Lenovo\OneDrive\Desktop\INT prj 2 - Copy\utils\gemini.py"", line 257, in generate_gemini_learning_support
    response = model.generate_content(
               ^^^^^^^^^^^^^^^^^^^^^^^
  File ""C:\Users\Lenovo\OneDrive\Desktop\INT prj 2 - Copy\venv311\Lib\site-packages\google\generativeai\generative_models.py"", line 331, in generate_content
    response = self._client.generate_content(
               ^^^^^^^^^^^^^^^^^^^^^^^^^^^^^^
  File ""C:\Users\Lenovo\OneDrive\Desktop\INT prj 2 - Copy\venv311\Lib\site-packages\google\ai\generativelanguage_v1beta\services\generative_service\client.py"", line 835, in generate_content
    response = rpc(
               ^^^^
  File ""C:\Users\Lenovo\OneDrive\Desktop\INT prj 2 - Copy\venv311\Lib\site-packages\google\api_core\gapic_v1\method.py"", line 128, in __call__
    return wrapped_func(*args, **kwargs)
           ^^^^^^^^^^^^^^^^^^^^^^^^^^^^^
  File ""C:\Users\Lenovo\OneDrive\Desktop\INT prj 2 - Copy\venv311\Lib\site-packages\google\api_core\retry\retry_unary.py"", line 294, in retry_wrapped_func
    return retry_target(
           ^^^^^^^^^^^^^
  File ""C:\Users\Lenovo\OneDrive\Desktop\INT prj 2 - Copy\venv311\Lib\site-packages\google\api_core\retry\retry_unary.py"", line 156, in retry_target
    next_sleep = _retry_error_helper(
                 ^^^^^^^^^^^^^^^^^^^^
  File ""C:\Users\Lenovo\OneDrive\Desktop\INT prj 2 - Copy\venv311\Lib\site-packages\google\api_core\retry\retry_base.py"", line 216, in _retry_error_helper
    raise final_exc from source_exc
  File ""C:\Users\Lenovo\OneDrive\Desktop\INT prj 2 - Copy\venv311\Lib\site-packages\google\api_core\retry\retry_unary.py"", line 147, in retry_target
    result = target()
             ^^^^^^^^
  File ""C:\Users\Lenovo\OneDrive\Desktop\INT prj 2 - Copy\venv311\Lib\site-packages\google\api_core\timeout.py"", line 130, in func_with_timeout
    return func(*args, **kwargs)
           ^^^^^^^^^^^^^^^^^^^^^
  File ""C:\Users\Lenovo\OneDrive\Desktop\INT prj 2 - Copy\venv311\Lib\site-packages\google\api_core\grpc_helpers.py"", line 57, in error_remapped_callable
    raise exceptions.from_grpc_error(exc) from exc
google.api_core.exceptions.DeadlineExceeded: 504 The request timed out. Please try again.
"
2026-07-10T06:50:30.281617+00:00,gemini-2.5-flash,429,ResourceExhausted,"You exceeded your current quota, please check your plan and billing details. For more information on this error, head to: https://ai.google.dev/gemini-api/docs/rate-limits. To monitor your current usage, head to: https://ai.dev/rate-limit. 
* Quota exceeded for metric: generativelanguage.googleapis.com/generate_content_free_tier_requests, limit: 20, model: gemini-2.5-flash
Please retry in 29.821203868s.","Traceback (most recent call last):
  File ""C:\Users\Lenovo\OneDrive\Desktop\INT prj 2 - Copy\venv311\Lib\site-packages\google\api_core\grpc_helpers.py"", line 55, in error_remapped_callable
    return callable_(*args, **kwargs)
           ^^^^^^^^^^^^^^^^^^^^^^^^^^
  File ""C:\Users\Lenovo\OneDrive\Desktop\INT prj 2 - Copy\venv311\Lib\site-packages\grpc\_interceptor.py"", line 276, in __call__
    response, ignored_call = self._with_call(
                             ^^^^^^^^^^^^^^^^
  File ""C:\Users\Lenovo\OneDrive\Desktop\INT prj 2 - Copy\venv311\Lib\site-packages\grpc\_interceptor.py"", line 331, in _with_call
    return call.result(), call
           ^^^^^^^^^^^^^
  File ""C:\Users\Lenovo\OneDrive\Desktop\INT prj 2 - Copy\venv311\Lib\site-packages\grpc\_channel.py"", line 438, in result
    raise self
  File ""C:\Users\Lenovo\OneDrive\Desktop\INT prj 2 - Copy\venv311\Lib\site-packages\grpc\_interceptor.py"", line 314, in continuation
    response, call = self._thunk(new_method).with_call(
                     ^^^^^^^^^^^^^^^^^^^^^^^^^^^^^^^^^^
  File ""C:\Users\Lenovo\OneDrive\Desktop\INT prj 2 - Copy\venv311\Lib\site-packages\grpc\_channel.py"", line 1173, in with_call
    return _end_unary_response_blocking(state, call, True, None)
           ^^^^^^^^^^^^^^^^^^^^^^^^^^^^^^^^^^^^^^^^^^^^^^^^^^^^^
  File ""C:\Users\Lenovo\OneDrive\Desktop\INT prj 2 - Copy\venv311\Lib\site-packages\grpc\_channel.py"", line 990, in _end_unary_response_blocking
    raise _InactiveRpcError(state)  # pytype: disable=not-instantiable
    ^^^^^^^^^^^^^^^^^^^^^^^^^^^^^^
grpc._channel._InactiveRpcError: <_InactiveRpcError of RPC that terminated with:
	status = StatusCode.RESOURCE_EXHAUSTED
	details = ""You exceeded your current quota, please check your plan and billing details. For more information on this error, head to: https://ai.google.dev/gemini-api/docs/rate-limits. To monitor your current usage, head to: https://ai.dev/rate-limit. 
* Quota exceeded for metric: generativelanguage.googleapis.com/generate_content_free_tier_requests, limit: 20, model: gemini-2.5-flash
Please retry in 29.821203868s.""
	debug_error_string = ""RESOURCE_EXHAUSTED:You exceeded your current quota, please check your plan and billing details. For more information on this error, head to: https://ai.google.dev/gemini-api/docs/rate-limits. To monitor your current usage, head to: https://ai.dev/rate-limit. 
* Quota exceeded for metric: generativelanguage.googleapis.com/generate_content_free_tier_requests, limit: 20, model: gemini-2.5-flash
Please retry in 29.821203868s.""
>

The above exception was the direct cause of the following exception:

Traceback (most recent call last):
  File ""c:\Users\Lenovo\OneDrive\Desktop\INT prj 2 - Copy\utils\gemini.py"", line 257, in generate_gemini_learning_support
    response = model.generate_content(
               ^^^^^^^^^^^^^^^^^^^^^^^
  File ""C:\Users\Lenovo\OneDrive\Desktop\INT prj 2 - Copy\venv311\Lib\site-packages\google\generativeai\generative_models.py"", line 331, in generate_content
    response = self._client.generate_content(
               ^^^^^^^^^^^^^^^^^^^^^^^^^^^^^^
  File ""C:\Users\Lenovo\OneDrive\Desktop\INT prj 2 - Copy\venv311\Lib\site-packages\google\ai\generativelanguage_v1beta\services\generative_service\client.py"", line 835, in generate_content
    response = rpc(
               ^^^^
  File ""C:\Users\Lenovo\OneDrive\Desktop\INT prj 2 - Copy\venv311\Lib\site-packages\google\api_core\gapic_v1\method.py"", line 128, in __call__
    return wrapped_func(*args, **kwargs)
           ^^^^^^^^^^^^^^^^^^^^^^^^^^^^^
  File ""C:\Users\Lenovo\OneDrive\Desktop\INT prj 2 - Copy\venv311\Lib\site-packages\google\api_core\retry\retry_unary.py"", line 294, in retry_wrapped_func
    return retry_target(
           ^^^^^^^^^^^^^
  File ""C:\Users\Lenovo\OneDrive\Desktop\INT prj 2 - Copy\venv311\Lib\site-packages\google\api_core\retry\retry_unary.py"", line 156, in retry_target
    next_sleep = _retry_error_helper(
                 ^^^^^^^^^^^^^^^^^^^^
  File ""C:\Users\Lenovo\OneDrive\Desktop\INT prj 2 - Copy\venv311\Lib\site-packages\google\api_core\retry\retry_base.py"", line 216, in _retry_error_helper
    raise final_exc from source_exc
  File ""C:\Users\Lenovo\OneDrive\Desktop\INT prj 2 - Copy\venv311\Lib\site-packages\google\api_core\retry\retry_unary.py"", line 147, in retry_target
    result = target()
             ^^^^^^^^
  File ""C:\Users\Lenovo\OneDrive\Desktop\INT prj 2 - Copy\venv311\Lib\site-packages\google\api_core\timeout.py"", line 130, in func_with_timeout
    return func(*args, **kwargs)
           ^^^^^^^^^^^^^^^^^^^^^
  File ""C:\Users\Lenovo\OneDrive\Desktop\INT prj 2 - Copy\venv311\Lib\site-packages\google\api_core\grpc_helpers.py"", line 57, in error_remapped_callable
    raise exceptions.from_grpc_error(exc) from exc
google.api_core.exceptions.ResourceExhausted: 429 You exceeded your current quota, please check your plan and billing details. For more information on this error, head to: https://ai.google.dev/gemini-api/docs/rate-limits. To monitor your current usage, head to: https://ai.dev/rate-limit. 
* Quota exceeded for metric: generativelanguage.googleapis.com/generate_content_free_tier_requests, limit: 20, model: gemini-2.5-flash
Please retry in 29.821203868s. [links {
  description: ""Learn more about Gemini API quotas""
  url: ""https://ai.google.dev/gemini-api/docs/rate-limits""
}
, violations {
  quota_metric: ""generativelanguage.googleapis.com/generate_content_free_tier_requests""
  quota_id: ""GenerateRequestsPerDayPerProjectPerModel-FreeTier""
  quota_dimensions {
    key: ""model""
    value: ""gemini-2.5-flash""
  }
  quota_dimensions {
    key: ""location""
    value: ""global""
  }
  quota_value: 20
}
, retry_delay {
  seconds: 29
}
]
"
2026-07-10T06:50:32.843548+00:00,gemini-2.5-flash,429,ResourceExhausted,"You exceeded your current quota, please check your plan and billing details. For more information on this error, head to: https://ai.google.dev/gemini-api/docs/rate-limits. To monitor your current usage, head to: https://ai.dev/rate-limit. 
* Quota exceeded for metric: generativelanguage.googleapis.com/generate_content_free_tier_requests, limit: 20, model: gemini-2.5-flash
Please retry in 27.257892302s.","Traceback (most recent call last):
  File ""C:\Users\Lenovo\OneDrive\Desktop\INT prj 2 - Copy\venv311\Lib\site-packages\google\api_core\grpc_helpers.py"", line 55, in error_remapped_callable
    return callable_(*args, **kwargs)
           ^^^^^^^^^^^^^^^^^^^^^^^^^^
  File ""C:\Users\Lenovo\OneDrive\Desktop\INT prj 2 - Copy\venv311\Lib\site-packages\grpc\_interceptor.py"", line 276, in __call__
    response, ignored_call = self._with_call(
                             ^^^^^^^^^^^^^^^^
  File ""C:\Users\Lenovo\OneDrive\Desktop\INT prj 2 - Copy\venv311\Lib\site-packages\grpc\_interceptor.py"", line 331, in _with_call
    return call.result(), call
           ^^^^^^^^^^^^^
  File ""C:\Users\Lenovo\OneDrive\Desktop\INT prj 2 - Copy\venv311\Lib\site-packages\grpc\_channel.py"", line 438, in result
    raise self
  File ""C:\Users\Lenovo\OneDrive\Desktop\INT prj 2 - Copy\venv311\Lib\site-packages\grpc\_interceptor.py"", line 314, in continuation
    response, call = self._thunk(new_method).with_call(
                     ^^^^^^^^^^^^^^^^^^^^^^^^^^^^^^^^^^
  File ""C:\Users\Lenovo\OneDrive\Desktop\INT prj 2 - Copy\venv311\Lib\site-packages\grpc\_channel.py"", line 1173, in with_call
    return _end_unary_response_blocking(state, call, True, None)
           ^^^^^^^^^^^^^^^^^^^^^^^^^^^^^^^^^^^^^^^^^^^^^^^^^^^^^
  File ""C:\Users\Lenovo\OneDrive\Desktop\INT prj 2 - Copy\venv311\Lib\site-packages\grpc\_channel.py"", line 990, in _end_unary_response_blocking
    raise _InactiveRpcError(state)  # pytype: disable=not-instantiable
    ^^^^^^^^^^^^^^^^^^^^^^^^^^^^^^
grpc._channel._InactiveRpcError: <_InactiveRpcError of RPC that terminated with:
	status = StatusCode.RESOURCE_EXHAUSTED
	details = ""You exceeded your current quota, please check your plan and billing details. For more information on this error, head to: https://ai.google.dev/gemini-api/docs/rate-limits. To monitor your current usage, head to: https://ai.dev/rate-limit. 
* Quota exceeded for metric: generativelanguage.googleapis.com/generate_content_free_tier_requests, limit: 20, model: gemini-2.5-flash
Please retry in 27.257892302s.""
	debug_error_string = ""RESOURCE_EXHAUSTED:You exceeded your current quota, please check your plan and billing details. For more information on this error, head to: https://ai.google.dev/gemini-api/docs/rate-limits. To monitor your current usage, head to: https://ai.dev/rate-limit. 
* Quota exceeded for metric: generativelanguage.googleapis.com/generate_content_free_tier_requests, limit: 20, model: gemini-2.5-flash
Please retry in 27.257892302s.""
>

The above exception was the direct cause of the following exception:

Traceback (most recent call last):
  File ""c:\Users\Lenovo\OneDrive\Desktop\INT prj 2 - Copy\utils\gemini.py"", line 257, in generate_gemini_learning_support
    response = model.generate_content(
               ^^^^^^^^^^^^^^^^^^^^^^^
  File ""C:\Users\Lenovo\OneDrive\Desktop\INT prj 2 - Copy\venv311\Lib\site-packages\google\generativeai\generative_models.py"", line 331, in generate_content
    response = self._client.generate_content(
               ^^^^^^^^^^^^^^^^^^^^^^^^^^^^^^
  File ""C:\Users\Lenovo\OneDrive\Desktop\INT prj 2 - Copy\venv311\Lib\site-packages\google\ai\generativelanguage_v1beta\services\generative_service\client.py"", line 835, in generate_content
    response = rpc(
               ^^^^
  File ""C:\Users\Lenovo\OneDrive\Desktop\INT prj 2 - Copy\venv311\Lib\site-packages\google\api_core\gapic_v1\method.py"", line 128, in __call__
    return wrapped_func(*args, **kwargs)
           ^^^^^^^^^^^^^^^^^^^^^^^^^^^^^
  File ""C:\Users\Lenovo\OneDrive\Desktop\INT prj 2 - Copy\venv311\Lib\site-packages\google\api_core\retry\retry_unary.py"", line 294, in retry_wrapped_func
    return retry_target(
           ^^^^^^^^^^^^^
  File ""C:\Users\Lenovo\OneDrive\Desktop\INT prj 2 - Copy\venv311\Lib\site-packages\google\api_core\retry\retry_unary.py"", line 156, in retry_target
    next_sleep = _retry_error_helper(
                 ^^^^^^^^^^^^^^^^^^^^
  File ""C:\Users\Lenovo\OneDrive\Desktop\INT prj 2 - Copy\venv311\Lib\site-packages\google\api_core\retry\retry_base.py"", line 216, in _retry_error_helper
    raise final_exc from source_exc
  File ""C:\Users\Lenovo\OneDrive\Desktop\INT prj 2 - Copy\venv311\Lib\site-packages\google\api_core\retry\retry_unary.py"", line 147, in retry_target
    result = target()
             ^^^^^^^^
  File ""C:\Users\Lenovo\OneDrive\Desktop\INT prj 2 - Copy\venv311\Lib\site-packages\google\api_core\timeout.py"", line 130, in func_with_timeout
    return func(*args, **kwargs)
           ^^^^^^^^^^^^^^^^^^^^^
  File ""C:\Users\Lenovo\OneDrive\Desktop\INT prj 2 - Copy\venv311\Lib\site-packages\google\api_core\grpc_helpers.py"", line 57, in error_remapped_callable
    raise exceptions.from_grpc_error(exc) from exc
google.api_core.exceptions.ResourceExhausted: 429 You exceeded your current quota, please check your plan and billing details. For more information on this error, head to: https://ai.google.dev/gemini-api/docs/rate-limits. To monitor your current usage, head to: https://ai.dev/rate-limit. 
* Quota exceeded for metric: generativelanguage.googleapis.com/generate_content_free_tier_requests, limit: 20, model: gemini-2.5-flash
Please retry in 27.257892302s. [links {
  description: ""Learn more about Gemini API quotas""
  url: ""https://ai.google.dev/gemini-api/docs/rate-limits""
}
, violations {
  quota_metric: ""generativelanguage.googleapis.com/generate_content_free_tier_requests""
  quota_id: ""GenerateRequestsPerDayPerProjectPerModel-FreeTier""
  quota_dimensions {
    key: ""model""
    value: ""gemini-2.5-flash""
  }
  quota_dimensions {
    key: ""location""
    value: ""global""
  }
  quota_value: 20
}
, retry_delay {
  seconds: 27
}
]
"
2026-07-10T06:50:37.337475+00:00,gemini-2.5-flash,429,ResourceExhausted,"You exceeded your current quota, please check your plan and billing details. For more information on this error, head to: https://ai.google.dev/gemini-api/docs/rate-limits. To monitor your current usage, head to: https://ai.dev/rate-limit. 
* Quota exceeded for metric: generativelanguage.googleapis.com/generate_content_free_tier_requests, limit: 20, model: gemini-2.5-flash
Please retry in 22.792208237s.","Traceback (most recent call last):
  File ""C:\Users\Lenovo\OneDrive\Desktop\INT prj 2 - Copy\venv311\Lib\site-packages\google\api_core\grpc_helpers.py"", line 55, in error_remapped_callable
    return callable_(*args, **kwargs)
           ^^^^^^^^^^^^^^^^^^^^^^^^^^
  File ""C:\Users\Lenovo\OneDrive\Desktop\INT prj 2 - Copy\venv311\Lib\site-packages\grpc\_interceptor.py"", line 276, in __call__
    response, ignored_call = self._with_call(
                             ^^^^^^^^^^^^^^^^
  File ""C:\Users\Lenovo\OneDrive\Desktop\INT prj 2 - Copy\venv311\Lib\site-packages\grpc\_interceptor.py"", line 331, in _with_call
    return call.result(), call
           ^^^^^^^^^^^^^
  File ""C:\Users\Lenovo\OneDrive\Desktop\INT prj 2 - Copy\venv311\Lib\site-packages\grpc\_channel.py"", line 438, in result
    raise self
  File ""C:\Users\Lenovo\OneDrive\Desktop\INT prj 2 - Copy\venv311\Lib\site-packages\grpc\_interceptor.py"", line 314, in continuation
    response, call = self._thunk(new_method).with_call(
                     ^^^^^^^^^^^^^^^^^^^^^^^^^^^^^^^^^^
  File ""C:\Users\Lenovo\OneDrive\Desktop\INT prj 2 - Copy\venv311\Lib\site-packages\grpc\_channel.py"", line 1173, in with_call
    return _end_unary_response_blocking(state, call, True, None)
           ^^^^^^^^^^^^^^^^^^^^^^^^^^^^^^^^^^^^^^^^^^^^^^^^^^^^^
  File ""C:\Users\Lenovo\OneDrive\Desktop\INT prj 2 - Copy\venv311\Lib\site-packages\grpc\_channel.py"", line 990, in _end_unary_response_blocking
    raise _InactiveRpcError(state)  # pytype: disable=not-instantiable
    ^^^^^^^^^^^^^^^^^^^^^^^^^^^^^^
grpc._channel._InactiveRpcError: <_InactiveRpcError of RPC that terminated with:
	status = StatusCode.RESOURCE_EXHAUSTED
	details = ""You exceeded your current quota, please check your plan and billing details. For more information on this error, head to: https://ai.google.dev/gemini-api/docs/rate-limits. To monitor your current usage, head to: https://ai.dev/rate-limit. 
* Quota exceeded for metric: generativelanguage.googleapis.com/generate_content_free_tier_requests, limit: 20, model: gemini-2.5-flash
Please retry in 22.792208237s.""
	debug_error_string = ""RESOURCE_EXHAUSTED:You exceeded your current quota, please check your plan and billing details. For more information on this error, head to: https://ai.google.dev/gemini-api/docs/rate-limits. To monitor your current usage, head to: https://ai.dev/rate-limit. 
* Quota exceeded for metric: generativelanguage.googleapis.com/generate_content_free_tier_requests, limit: 20, model: gemini-2.5-flash
Please retry in 22.792208237s.""
>

The above exception was the direct cause of the following exception:

Traceback (most recent call last):
  File ""c:\Users\Lenovo\OneDrive\Desktop\INT prj 2 - Copy\utils\gemini.py"", line 257, in generate_gemini_learning_support
    response = model.generate_content(
               ^^^^^^^^^^^^^^^^^^^^^^^
  File ""C:\Users\Lenovo\OneDrive\Desktop\INT prj 2 - Copy\venv311\Lib\site-packages\google\generativeai\generative_models.py"", line 331, in generate_content
    response = self._client.generate_content(
               ^^^^^^^^^^^^^^^^^^^^^^^^^^^^^^
  File ""C:\Users\Lenovo\OneDrive\Desktop\INT prj 2 - Copy\venv311\Lib\site-packages\google\ai\generativelanguage_v1beta\services\generative_service\client.py"", line 835, in generate_content
    response = rpc(
               ^^^^
  File ""C:\Users\Lenovo\OneDrive\Desktop\INT prj 2 - Copy\venv311\Lib\site-packages\google\api_core\gapic_v1\method.py"", line 128, in __call__
    return wrapped_func(*args, **kwargs)
           ^^^^^^^^^^^^^^^^^^^^^^^^^^^^^
  File ""C:\Users\Lenovo\OneDrive\Desktop\INT prj 2 - Copy\venv311\Lib\site-packages\google\api_core\retry\retry_unary.py"", line 294, in retry_wrapped_func
    return retry_target(
           ^^^^^^^^^^^^^
  File ""C:\Users\Lenovo\OneDrive\Desktop\INT prj 2 - Copy\venv311\Lib\site-packages\google\api_core\retry\retry_unary.py"", line 156, in retry_target
    next_sleep = _retry_error_helper(
                 ^^^^^^^^^^^^^^^^^^^^
  File ""C:\Users\Lenovo\OneDrive\Desktop\INT prj 2 - Copy\venv311\Lib\site-packages\google\api_core\retry\retry_base.py"", line 216, in _retry_error_helper
    raise final_exc from source_exc
  File ""C:\Users\Lenovo\OneDrive\Desktop\INT prj 2 - Copy\venv311\Lib\site-packages\google\api_core\retry\retry_unary.py"", line 147, in retry_target
    result = target()
             ^^^^^^^^
  File ""C:\Users\Lenovo\OneDrive\Desktop\INT prj 2 - Copy\venv311\Lib\site-packages\google\api_core\timeout.py"", line 130, in func_with_timeout
    return func(*args, **kwargs)
           ^^^^^^^^^^^^^^^^^^^^^
  File ""C:\Users\Lenovo\OneDrive\Desktop\INT prj 2 - Copy\venv311\Lib\site-packages\google\api_core\grpc_helpers.py"", line 57, in error_remapped_callable
    raise exceptions.from_grpc_error(exc) from exc
google.api_core.exceptions.ResourceExhausted: 429 You exceeded your current quota, please check your plan and billing details. For more information on this error, head to: https://ai.google.dev/gemini-api/docs/rate-limits. To monitor your current usage, head to: https://ai.dev/rate-limit. 
* Quota exceeded for metric: generativelanguage.googleapis.com/generate_content_free_tier_requests, limit: 20, model: gemini-2.5-flash
Please retry in 22.792208237s. [links {
  description: ""Learn more about Gemini API quotas""
  url: ""https://ai.google.dev/gemini-api/docs/rate-limits""
}
, violations {
  quota_metric: ""generativelanguage.googleapis.com/generate_content_free_tier_requests""
  quota_id: ""GenerateRequestsPerDayPerProjectPerModel-FreeTier""
  quota_dimensions {
    key: ""model""
    value: ""gemini-2.5-flash""
  }
  quota_dimensions {
    key: ""location""
    value: ""global""
  }
  quota_value: 20
}
, retry_delay {
  seconds: 22
}
]
"
2026-07-10T06:57:38.183715+00:00,gemini-2.5-flash,429,ResourceExhausted,"You exceeded your current quota, please check your plan and billing details. For more information on this error, head to: https://ai.google.dev/gemini-api/docs/rate-limits. To monitor your current usage, head to: https://ai.dev/rate-limit. 
* Quota exceeded for metric: generativelanguage.googleapis.com/generate_content_free_tier_requests, limit: 20, model: gemini-2.5-flash
Please retry in 21.915920702s.","Traceback (most recent call last):
  File ""C:\Users\Lenovo\OneDrive\Desktop\INT prj 2 - Copy\venv311\Lib\site-packages\google\api_core\grpc_helpers.py"", line 55, in error_remapped_callable
    return callable_(*args, **kwargs)
           ^^^^^^^^^^^^^^^^^^^^^^^^^^
  File ""C:\Users\Lenovo\OneDrive\Desktop\INT prj 2 - Copy\venv311\Lib\site-packages\grpc\_interceptor.py"", line 276, in __call__
    response, ignored_call = self._with_call(
                             ^^^^^^^^^^^^^^^^
  File ""C:\Users\Lenovo\OneDrive\Desktop\INT prj 2 - Copy\venv311\Lib\site-packages\grpc\_interceptor.py"", line 331, in _with_call
    return call.result(), call
           ^^^^^^^^^^^^^
  File ""C:\Users\Lenovo\OneDrive\Desktop\INT prj 2 - Copy\venv311\Lib\site-packages\grpc\_channel.py"", line 438, in result
    raise self
  File ""C:\Users\Lenovo\OneDrive\Desktop\INT prj 2 - Copy\venv311\Lib\site-packages\grpc\_interceptor.py"", line 314, in continuation
    response, call = self._thunk(new_method).with_call(
                     ^^^^^^^^^^^^^^^^^^^^^^^^^^^^^^^^^^
  File ""C:\Users\Lenovo\OneDrive\Desktop\INT prj 2 - Copy\venv311\Lib\site-packages\grpc\_channel.py"", line 1173, in with_call
    return _end_unary_response_blocking(state, call, True, None)
           ^^^^^^^^^^^^^^^^^^^^^^^^^^^^^^^^^^^^^^^^^^^^^^^^^^^^^
  File ""C:\Users\Lenovo\OneDrive\Desktop\INT prj 2 - Copy\venv311\Lib\site-packages\grpc\_channel.py"", line 990, in _end_unary_response_blocking
    raise _InactiveRpcError(state)  # pytype: disable=not-instantiable
    ^^^^^^^^^^^^^^^^^^^^^^^^^^^^^^
grpc._channel._InactiveRpcError: <_InactiveRpcError of RPC that terminated with:
	status = StatusCode.RESOURCE_EXHAUSTED
	details = ""You exceeded your current quota, please check your plan and billing details. For more information on this error, head to: https://ai.google.dev/gemini-api/docs/rate-limits. To monitor your current usage, head to: https://ai.dev/rate-limit. 
* Quota exceeded for metric: generativelanguage.googleapis.com/generate_content_free_tier_requests, limit: 20, model: gemini-2.5-flash
Please retry in 21.915920702s.""
	debug_error_string = ""RESOURCE_EXHAUSTED:You exceeded your current quota, please check your plan and billing details. For more information on this error, head to: https://ai.google.dev/gemini-api/docs/rate-limits. To monitor your current usage, head to: https://ai.dev/rate-limit. 
* Quota exceeded for metric: generativelanguage.googleapis.com/generate_content_free_tier_requests, limit: 20, model: gemini-2.5-flash
Please retry in 21.915920702s.""
>

The above exception was the direct cause of the following exception:

Traceback (most recent call last):
  File ""C:\Users\Lenovo\OneDrive\Desktop\INT prj 2 - Copy\utils\gemini.py"", line 257, in generate_gemini_learning_support
    response = model.generate_content(
               ^^^^^^^^^^^^^^^^^^^^^^^
  File ""C:\Users\Lenovo\OneDrive\Desktop\INT prj 2 - Copy\venv311\Lib\site-packages\google\generativeai\generative_models.py"", line 331, in generate_content
    response = self._client.generate_content(
               ^^^^^^^^^^^^^^^^^^^^^^^^^^^^^^
  File ""C:\Users\Lenovo\OneDrive\Desktop\INT prj 2 - Copy\venv311\Lib\site-packages\google\ai\generativelanguage_v1beta\services\generative_service\client.py"", line 835, in generate_content
    response = rpc(
               ^^^^
  File ""C:\Users\Lenovo\OneDrive\Desktop\INT prj 2 - Copy\venv311\Lib\site-packages\google\api_core\gapic_v1\method.py"", line 128, in __call__
    return wrapped_func(*args, **kwargs)
           ^^^^^^^^^^^^^^^^^^^^^^^^^^^^^
  File ""C:\Users\Lenovo\OneDrive\Desktop\INT prj 2 - Copy\venv311\Lib\site-packages\google\api_core\retry\retry_unary.py"", line 294, in retry_wrapped_func
    return retry_target(
           ^^^^^^^^^^^^^
  File ""C:\Users\Lenovo\OneDrive\Desktop\INT prj 2 - Copy\venv311\Lib\site-packages\google\api_core\retry\retry_unary.py"", line 156, in retry_target
    next_sleep = _retry_error_helper(
                 ^^^^^^^^^^^^^^^^^^^^
  File ""C:\Users\Lenovo\OneDrive\Desktop\INT prj 2 - Copy\venv311\Lib\site-packages\google\api_core\retry\retry_base.py"", line 216, in _retry_error_helper
    raise final_exc from source_exc
  File ""C:\Users\Lenovo\OneDrive\Desktop\INT prj 2 - Copy\venv311\Lib\site-packages\google\api_core\retry\retry_unary.py"", line 147, in retry_target
    result = target()
             ^^^^^^^^
  File ""C:\Users\Lenovo\OneDrive\Desktop\INT prj 2 - Copy\venv311\Lib\site-packages\google\api_core\timeout.py"", line 130, in func_with_timeout
    return func(*args, **kwargs)
           ^^^^^^^^^^^^^^^^^^^^^
  File ""C:\Users\Lenovo\OneDrive\Desktop\INT prj 2 - Copy\venv311\Lib\site-packages\google\api_core\grpc_helpers.py"", line 57, in error_remapped_callable
    raise exceptions.from_grpc_error(exc) from exc
google.api_core.exceptions.ResourceExhausted: 429 You exceeded your current quota, please check your plan and billing details. For more information on this error, head to: https://ai.google.dev/gemini-api/docs/rate-limits. To monitor your current usage, head to: https://ai.dev/rate-limit. 
* Quota exceeded for metric: generativelanguage.googleapis.com/generate_content_free_tier_requests, limit: 20, model: gemini-2.5-flash
Please retry in 21.915920702s. [links {
  description: ""Learn more about Gemini API quotas""
  url: ""https://ai.google.dev/gemini-api/docs/rate-limits""
}
, violations {
  quota_metric: ""generativelanguage.googleapis.com/generate_content_free_tier_requests""
  quota_id: ""GenerateRequestsPerDayPerProjectPerModel-FreeTier""
  quota_dimensions {
    key: ""model""
    value: ""gemini-2.5-flash""
  }
  quota_dimensions {
    key: ""location""
    value: ""global""
  }
  quota_value: 20
}
, retry_delay {
  seconds: 21
}
]
"
2026-07-10T06:57:39.723457+00:00,gemini-2.5-flash,429,ResourceExhausted,"You exceeded your current quota, please check your plan and billing details. For more information on this error, head to: https://ai.google.dev/gemini-api/docs/rate-limits. To monitor your current usage, head to: https://ai.dev/rate-limit. 
* Quota exceeded for metric: generativelanguage.googleapis.com/generate_content_free_tier_requests, limit: 20, model: gemini-2.5-flash
Please retry in 20.37505978s.","Traceback (most recent call last):
  File ""C:\Users\Lenovo\OneDrive\Desktop\INT prj 2 - Copy\venv311\Lib\site-packages\google\api_core\grpc_helpers.py"", line 55, in error_remapped_callable
    return callable_(*args, **kwargs)
           ^^^^^^^^^^^^^^^^^^^^^^^^^^
  File ""C:\Users\Lenovo\OneDrive\Desktop\INT prj 2 - Copy\venv311\Lib\site-packages\grpc\_interceptor.py"", line 276, in __call__
    response, ignored_call = self._with_call(
                             ^^^^^^^^^^^^^^^^
  File ""C:\Users\Lenovo\OneDrive\Desktop\INT prj 2 - Copy\venv311\Lib\site-packages\grpc\_interceptor.py"", line 331, in _with_call
    return call.result(), call
           ^^^^^^^^^^^^^
  File ""C:\Users\Lenovo\OneDrive\Desktop\INT prj 2 - Copy\venv311\Lib\site-packages\grpc\_channel.py"", line 438, in result
    raise self
  File ""C:\Users\Lenovo\OneDrive\Desktop\INT prj 2 - Copy\venv311\Lib\site-packages\grpc\_interceptor.py"", line 314, in continuation
    response, call = self._thunk(new_method).with_call(
                     ^^^^^^^^^^^^^^^^^^^^^^^^^^^^^^^^^^
  File ""C:\Users\Lenovo\OneDrive\Desktop\INT prj 2 - Copy\venv311\Lib\site-packages\grpc\_channel.py"", line 1173, in with_call
    return _end_unary_response_blocking(state, call, True, None)
           ^^^^^^^^^^^^^^^^^^^^^^^^^^^^^^^^^^^^^^^^^^^^^^^^^^^^^
  File ""C:\Users\Lenovo\OneDrive\Desktop\INT prj 2 - Copy\venv311\Lib\site-packages\grpc\_channel.py"", line 990, in _end_unary_response_blocking
    raise _InactiveRpcError(state)  # pytype: disable=not-instantiable
    ^^^^^^^^^^^^^^^^^^^^^^^^^^^^^^
grpc._channel._InactiveRpcError: <_InactiveRpcError of RPC that terminated with:
	status = StatusCode.RESOURCE_EXHAUSTED
	details = ""You exceeded your current quota, please check your plan and billing details. For more information on this error, head to: https://ai.google.dev/gemini-api/docs/rate-limits. To monitor your current usage, head to: https://ai.dev/rate-limit. 
* Quota exceeded for metric: generativelanguage.googleapis.com/generate_content_free_tier_requests, limit: 20, model: gemini-2.5-flash
Please retry in 20.37505978s.""
	debug_error_string = ""RESOURCE_EXHAUSTED:You exceeded your current quota, please check your plan and billing details. For more information on this error, head to: https://ai.google.dev/gemini-api/docs/rate-limits. To monitor your current usage, head to: https://ai.dev/rate-limit. 
* Quota exceeded for metric: generativelanguage.googleapis.com/generate_content_free_tier_requests, limit: 20, model: gemini-2.5-flash
Please retry in 20.37505978s.""
>

The above exception was the direct cause of the following exception:

Traceback (most recent call last):
  File ""C:\Users\Lenovo\OneDrive\Desktop\INT prj 2 - Copy\utils\gemini.py"", line 257, in generate_gemini_learning_support
    response = model.generate_content(
               ^^^^^^^^^^^^^^^^^^^^^^^
  File ""C:\Users\Lenovo\OneDrive\Desktop\INT prj 2 - Copy\venv311\Lib\site-packages\google\generativeai\generative_models.py"", line 331, in generate_content
    response = self._client.generate_content(
               ^^^^^^^^^^^^^^^^^^^^^^^^^^^^^^
  File ""C:\Users\Lenovo\OneDrive\Desktop\INT prj 2 - Copy\venv311\Lib\site-packages\google\ai\generativelanguage_v1beta\services\generative_service\client.py"", line 835, in generate_content
    response = rpc(
               ^^^^
  File ""C:\Users\Lenovo\OneDrive\Desktop\INT prj 2 - Copy\venv311\Lib\site-packages\google\api_core\gapic_v1\method.py"", line 128, in __call__
    return wrapped_func(*args, **kwargs)
           ^^^^^^^^^^^^^^^^^^^^^^^^^^^^^
  File ""C:\Users\Lenovo\OneDrive\Desktop\INT prj 2 - Copy\venv311\Lib\site-packages\google\api_core\retry\retry_unary.py"", line 294, in retry_wrapped_func
    return retry_target(
           ^^^^^^^^^^^^^
  File ""C:\Users\Lenovo\OneDrive\Desktop\INT prj 2 - Copy\venv311\Lib\site-packages\google\api_core\retry\retry_unary.py"", line 156, in retry_target
    next_sleep = _retry_error_helper(
                 ^^^^^^^^^^^^^^^^^^^^
  File ""C:\Users\Lenovo\OneDrive\Desktop\INT prj 2 - Copy\venv311\Lib\site-packages\google\api_core\retry\retry_base.py"", line 216, in _retry_error_helper
    raise final_exc from source_exc
  File ""C:\Users\Lenovo\OneDrive\Desktop\INT prj 2 - Copy\venv311\Lib\site-packages\google\api_core\retry\retry_unary.py"", line 147, in retry_target
    result = target()
             ^^^^^^^^
  File ""C:\Users\Lenovo\OneDrive\Desktop\INT prj 2 - Copy\venv311\Lib\site-packages\google\api_core\timeout.py"", line 130, in func_with_timeout
    return func(*args, **kwargs)
           ^^^^^^^^^^^^^^^^^^^^^
  File ""C:\Users\Lenovo\OneDrive\Desktop\INT prj 2 - Copy\venv311\Lib\site-packages\google\api_core\grpc_helpers.py"", line 57, in error_remapped_callable
    raise exceptions.from_grpc_error(exc) from exc
google.api_core.exceptions.ResourceExhausted: 429 You exceeded your current quota, please check your plan and billing details. For more information on this error, head to: https://ai.google.dev/gemini-api/docs/rate-limits. To monitor your current usage, head to: https://ai.dev/rate-limit. 
* Quota exceeded for metric: generativelanguage.googleapis.com/generate_content_free_tier_requests, limit: 20, model: gemini-2.5-flash
Please retry in 20.37505978s. [links {
  description: ""Learn more about Gemini API quotas""
  url: ""https://ai.google.dev/gemini-api/docs/rate-limits""
}
, violations {
  quota_metric: ""generativelanguage.googleapis.com/generate_content_free_tier_requests""
  quota_id: ""GenerateRequestsPerDayPerProjectPerModel-FreeTier""
  quota_dimensions {
    key: ""model""
    value: ""gemini-2.5-flash""
  }
  quota_dimensions {
    key: ""location""
    value: ""global""
  }
  quota_value: 20
}
, retry_delay {
  seconds: 20
}
]
"
2026-07-10T06:57:42.345837+00:00,gemini-2.5-flash,429,ResourceExhausted,"You exceeded your current quota, please check your plan and billing details. For more information on this error, head to: https://ai.google.dev/gemini-api/docs/rate-limits. To monitor your current usage, head to: https://ai.dev/rate-limit. 
* Quota exceeded for metric: generativelanguage.googleapis.com/generate_content_free_tier_requests, limit: 20, model: gemini-2.5-flash
Please retry in 17.750310753s.","Traceback (most recent call last):
  File ""C:\Users\Lenovo\OneDrive\Desktop\INT prj 2 - Copy\venv311\Lib\site-packages\google\api_core\grpc_helpers.py"", line 55, in error_remapped_callable
    return callable_(*args, **kwargs)
           ^^^^^^^^^^^^^^^^^^^^^^^^^^
  File ""C:\Users\Lenovo\OneDrive\Desktop\INT prj 2 - Copy\venv311\Lib\site-packages\grpc\_interceptor.py"", line 276, in __call__
    response, ignored_call = self._with_call(
                             ^^^^^^^^^^^^^^^^
  File ""C:\Users\Lenovo\OneDrive\Desktop\INT prj 2 - Copy\venv311\Lib\site-packages\grpc\_interceptor.py"", line 331, in _with_call
    return call.result(), call
           ^^^^^^^^^^^^^
  File ""C:\Users\Lenovo\OneDrive\Desktop\INT prj 2 - Copy\venv311\Lib\site-packages\grpc\_channel.py"", line 438, in result
    raise self
  File ""C:\Users\Lenovo\OneDrive\Desktop\INT prj 2 - Copy\venv311\Lib\site-packages\grpc\_interceptor.py"", line 314, in continuation
    response, call = self._thunk(new_method).with_call(
                     ^^^^^^^^^^^^^^^^^^^^^^^^^^^^^^^^^^
  File ""C:\Users\Lenovo\OneDrive\Desktop\INT prj 2 - Copy\venv311\Lib\site-packages\grpc\_channel.py"", line 1173, in with_call
    return _end_unary_response_blocking(state, call, True, None)
           ^^^^^^^^^^^^^^^^^^^^^^^^^^^^^^^^^^^^^^^^^^^^^^^^^^^^^
  File ""C:\Users\Lenovo\OneDrive\Desktop\INT prj 2 - Copy\venv311\Lib\site-packages\grpc\_channel.py"", line 990, in _end_unary_response_blocking
    raise _InactiveRpcError(state)  # pytype: disable=not-instantiable
    ^^^^^^^^^^^^^^^^^^^^^^^^^^^^^^
grpc._channel._InactiveRpcError: <_InactiveRpcError of RPC that terminated with:
	status = StatusCode.RESOURCE_EXHAUSTED
	details = ""You exceeded your current quota, please check your plan and billing details. For more information on this error, head to: https://ai.google.dev/gemini-api/docs/rate-limits. To monitor your current usage, head to: https://ai.dev/rate-limit. 
* Quota exceeded for metric: generativelanguage.googleapis.com/generate_content_free_tier_requests, limit: 20, model: gemini-2.5-flash
Please retry in 17.750310753s.""
	debug_error_string = ""RESOURCE_EXHAUSTED:You exceeded your current quota, please check your plan and billing details. For more information on this error, head to: https://ai.google.dev/gemini-api/docs/rate-limits. To monitor your current usage, head to: https://ai.dev/rate-limit. 
* Quota exceeded for metric: generativelanguage.googleapis.com/generate_content_free_tier_requests, limit: 20, model: gemini-2.5-flash
Please retry in 17.750310753s.""
>

The above exception was the direct cause of the following exception:

Traceback (most recent call last):
  File ""C:\Users\Lenovo\OneDrive\Desktop\INT prj 2 - Copy\utils\gemini.py"", line 257, in generate_gemini_learning_support
    response = model.generate_content(
               ^^^^^^^^^^^^^^^^^^^^^^^
  File ""C:\Users\Lenovo\OneDrive\Desktop\INT prj 2 - Copy\venv311\Lib\site-packages\google\generativeai\generative_models.py"", line 331, in generate_content
    response = self._client.generate_content(
               ^^^^^^^^^^^^^^^^^^^^^^^^^^^^^^
  File ""C:\Users\Lenovo\OneDrive\Desktop\INT prj 2 - Copy\venv311\Lib\site-packages\google\ai\generativelanguage_v1beta\services\generative_service\client.py"", line 835, in generate_content
    response = rpc(
               ^^^^
  File ""C:\Users\Lenovo\OneDrive\Desktop\INT prj 2 - Copy\venv311\Lib\site-packages\google\api_core\gapic_v1\method.py"", line 128, in __call__
    return wrapped_func(*args, **kwargs)
           ^^^^^^^^^^^^^^^^^^^^^^^^^^^^^
  File ""C:\Users\Lenovo\OneDrive\Desktop\INT prj 2 - Copy\venv311\Lib\site-packages\google\api_core\retry\retry_unary.py"", line 294, in retry_wrapped_func
    return retry_target(
           ^^^^^^^^^^^^^
  File ""C:\Users\Lenovo\OneDrive\Desktop\INT prj 2 - Copy\venv311\Lib\site-packages\google\api_core\retry\retry_unary.py"", line 156, in retry_target
    next_sleep = _retry_error_helper(
                 ^^^^^^^^^^^^^^^^^^^^
  File ""C:\Users\Lenovo\OneDrive\Desktop\INT prj 2 - Copy\venv311\Lib\site-packages\google\api_core\retry\retry_base.py"", line 216, in _retry_error_helper
    raise final_exc from source_exc
  File ""C:\Users\Lenovo\OneDrive\Desktop\INT prj 2 - Copy\venv311\Lib\site-packages\google\api_core\retry\retry_unary.py"", line 147, in retry_target
    result = target()
             ^^^^^^^^
  File ""C:\Users\Lenovo\OneDrive\Desktop\INT prj 2 - Copy\venv311\Lib\site-packages\google\api_core\timeout.py"", line 130, in func_with_timeout
    return func(*args, **kwargs)
           ^^^^^^^^^^^^^^^^^^^^^
  File ""C:\Users\Lenovo\OneDrive\Desktop\INT prj 2 - Copy\venv311\Lib\site-packages\google\api_core\grpc_helpers.py"", line 57, in error_remapped_callable
    raise exceptions.from_grpc_error(exc) from exc
google.api_core.exceptions.ResourceExhausted: 429 You exceeded your current quota, please check your plan and billing details. For more information on this error, head to: https://ai.google.dev/gemini-api/docs/rate-limits. To monitor your current usage, head to: https://ai.dev/rate-limit. 
* Quota exceeded for metric: generativelanguage.googleapis.com/generate_content_free_tier_requests, limit: 20, model: gemini-2.5-flash
Please retry in 17.750310753s. [links {
  description: ""Learn more about Gemini API quotas""
  url: ""https://ai.google.dev/gemini-api/docs/rate-limits""
}
, violations {
  quota_metric: ""generativelanguage.googleapis.com/generate_content_free_tier_requests""
  quota_id: ""GenerateRequestsPerDayPerProjectPerModel-FreeTier""
  quota_dimensions {
    key: ""model""
    value: ""gemini-2.5-flash""
  }
  quota_dimensions {
    key: ""location""
    value: ""global""
  }
  quota_value: 20
}
, retry_delay {
  seconds: 17
}
]
"
2026-07-10T06:57:46.554497+00:00,gemini-2.5-flash,429,ResourceExhausted,"You exceeded your current quota, please check your plan and billing details. For more information on this error, head to: https://ai.google.dev/gemini-api/docs/rate-limits. To monitor your current usage, head to: https://ai.dev/rate-limit. 
* Quota exceeded for metric: generativelanguage.googleapis.com/generate_content_free_tier_requests, limit: 20, model: gemini-2.5-flash
Please retry in 13.541046441s.","Traceback (most recent call last):
  File ""C:\Users\Lenovo\OneDrive\Desktop\INT prj 2 - Copy\venv311\Lib\site-packages\google\api_core\grpc_helpers.py"", line 55, in error_remapped_callable
    return callable_(*args, **kwargs)
           ^^^^^^^^^^^^^^^^^^^^^^^^^^
  File ""C:\Users\Lenovo\OneDrive\Desktop\INT prj 2 - Copy\venv311\Lib\site-packages\grpc\_interceptor.py"", line 276, in __call__
    response, ignored_call = self._with_call(
                             ^^^^^^^^^^^^^^^^
  File ""C:\Users\Lenovo\OneDrive\Desktop\INT prj 2 - Copy\venv311\Lib\site-packages\grpc\_interceptor.py"", line 331, in _with_call
    return call.result(), call
           ^^^^^^^^^^^^^
  File ""C:\Users\Lenovo\OneDrive\Desktop\INT prj 2 - Copy\venv311\Lib\site-packages\grpc\_channel.py"", line 438, in result
    raise self
  File ""C:\Users\Lenovo\OneDrive\Desktop\INT prj 2 - Copy\venv311\Lib\site-packages\grpc\_interceptor.py"", line 314, in continuation
    response, call = self._thunk(new_method).with_call(
                     ^^^^^^^^^^^^^^^^^^^^^^^^^^^^^^^^^^
  File ""C:\Users\Lenovo\OneDrive\Desktop\INT prj 2 - Copy\venv311\Lib\site-packages\grpc\_channel.py"", line 1173, in with_call
    return _end_unary_response_blocking(state, call, True, None)
           ^^^^^^^^^^^^^^^^^^^^^^^^^^^^^^^^^^^^^^^^^^^^^^^^^^^^^
  File ""C:\Users\Lenovo\OneDrive\Desktop\INT prj 2 - Copy\venv311\Lib\site-packages\grpc\_channel.py"", line 990, in _end_unary_response_blocking
    raise _InactiveRpcError(state)  # pytype: disable=not-instantiable
    ^^^^^^^^^^^^^^^^^^^^^^^^^^^^^^
grpc._channel._InactiveRpcError: <_InactiveRpcError of RPC that terminated with:
	status = StatusCode.RESOURCE_EXHAUSTED
	details = ""You exceeded your current quota, please check your plan and billing details. For more information on this error, head to: https://ai.google.dev/gemini-api/docs/rate-limits. To monitor your current usage, head to: https://ai.dev/rate-limit. 
* Quota exceeded for metric: generativelanguage.googleapis.com/generate_content_free_tier_requests, limit: 20, model: gemini-2.5-flash
Please retry in 13.541046441s.""
	debug_error_string = ""RESOURCE_EXHAUSTED:You exceeded your current quota, please check your plan and billing details. For more information on this error, head to: https://ai.google.dev/gemini-api/docs/rate-limits. To monitor your current usage, head to: https://ai.dev/rate-limit. 
* Quota exceeded for metric: generativelanguage.googleapis.com/generate_content_free_tier_requests, limit: 20, model: gemini-2.5-flash
Please retry in 13.541046441s.""
>

The above exception was the direct cause of the following exception:

Traceback (most recent call last):
  File ""C:\Users\Lenovo\OneDrive\Desktop\INT prj 2 - Copy\utils\gemini.py"", line 257, in generate_gemini_learning_support
    response = model.generate_content(
               ^^^^^^^^^^^^^^^^^^^^^^^
  File ""C:\Users\Lenovo\OneDrive\Desktop\INT prj 2 - Copy\venv311\Lib\site-packages\google\generativeai\generative_models.py"", line 331, in generate_content
    response = self._client.generate_content(
               ^^^^^^^^^^^^^^^^^^^^^^^^^^^^^^
  File ""C:\Users\Lenovo\OneDrive\Desktop\INT prj 2 - Copy\venv311\Lib\site-packages\google\ai\generativelanguage_v1beta\services\generative_service\client.py"", line 835, in generate_content
    response = rpc(
               ^^^^
  File ""C:\Users\Lenovo\OneDrive\Desktop\INT prj 2 - Copy\venv311\Lib\site-packages\google\api_core\gapic_v1\method.py"", line 128, in __call__
    return wrapped_func(*args, **kwargs)
           ^^^^^^^^^^^^^^^^^^^^^^^^^^^^^
  File ""C:\Users\Lenovo\OneDrive\Desktop\INT prj 2 - Copy\venv311\Lib\site-packages\google\api_core\retry\retry_unary.py"", line 294, in retry_wrapped_func
    return retry_target(
           ^^^^^^^^^^^^^
  File ""C:\Users\Lenovo\OneDrive\Desktop\INT prj 2 - Copy\venv311\Lib\site-packages\google\api_core\retry\retry_unary.py"", line 156, in retry_target
    next_sleep = _retry_error_helper(
                 ^^^^^^^^^^^^^^^^^^^^
  File ""C:\Users\Lenovo\OneDrive\Desktop\INT prj 2 - Copy\venv311\Lib\site-packages\google\api_core\retry\retry_base.py"", line 216, in _retry_error_helper
    raise final_exc from source_exc
  File ""C:\Users\Lenovo\OneDrive\Desktop\INT prj 2 - Copy\venv311\Lib\site-packages\google\api_core\retry\retry_unary.py"", line 147, in retry_target
    result = target()
             ^^^^^^^^
  File ""C:\Users\Lenovo\OneDrive\Desktop\INT prj 2 - Copy\venv311\Lib\site-packages\google\api_core\timeout.py"", line 130, in func_with_timeout
    return func(*args, **kwargs)
           ^^^^^^^^^^^^^^^^^^^^^
  File ""C:\Users\Lenovo\OneDrive\Desktop\INT prj 2 - Copy\venv311\Lib\site-packages\google\api_core\grpc_helpers.py"", line 57, in error_remapped_callable
    raise exceptions.from_grpc_error(exc) from exc
google.api_core.exceptions.ResourceExhausted: 429 You exceeded your current quota, please check your plan and billing details. For more information on this error, head to: https://ai.google.dev/gemini-api/docs/rate-limits. To monitor your current usage, head to: https://ai.dev/rate-limit. 
* Quota exceeded for metric: generativelanguage.googleapis.com/generate_content_free_tier_requests, limit: 20, model: gemini-2.5-flash
Please retry in 13.541046441s. [links {
  description: ""Learn more about Gemini API quotas""
  url: ""https://ai.google.dev/gemini-api/docs/rate-limits""
}
, violations {
  quota_metric: ""generativelanguage.googleapis.com/generate_content_free_tier_requests""
  quota_id: ""GenerateRequestsPerDayPerProjectPerModel-FreeTier""
  quota_dimensions {
    key: ""model""
    value: ""gemini-2.5-flash""
  }
  quota_dimensions {
    key: ""location""
    value: ""global""
  }
  quota_value: 20
}
, retry_delay {
  seconds: 13
}
]
"
2026-07-10T06:57:54.759234+00:00,gemini-2.5-flash,429,ResourceExhausted,"You exceeded your current quota, please check your plan and billing details. For more information on this error, head to: https://ai.google.dev/gemini-api/docs/rate-limits. To monitor your current usage, head to: https://ai.dev/rate-limit. 
* Quota exceeded for metric: generativelanguage.googleapis.com/generate_content_free_tier_requests, limit: 20, model: gemini-2.5-flash
Please retry in 5.336414887s.","Traceback (most recent call last):
  File ""C:\Users\Lenovo\OneDrive\Desktop\INT prj 2 - Copy\venv311\Lib\site-packages\google\api_core\grpc_helpers.py"", line 55, in error_remapped_callable
    return callable_(*args, **kwargs)
           ^^^^^^^^^^^^^^^^^^^^^^^^^^
  File ""C:\Users\Lenovo\OneDrive\Desktop\INT prj 2 - Copy\venv311\Lib\site-packages\grpc\_interceptor.py"", line 276, in __call__
    response, ignored_call = self._with_call(
                             ^^^^^^^^^^^^^^^^
  File ""C:\Users\Lenovo\OneDrive\Desktop\INT prj 2 - Copy\venv311\Lib\site-packages\grpc\_interceptor.py"", line 331, in _with_call
    return call.result(), call
           ^^^^^^^^^^^^^
  File ""C:\Users\Lenovo\OneDrive\Desktop\INT prj 2 - Copy\venv311\Lib\site-packages\grpc\_channel.py"", line 438, in result
    raise self
  File ""C:\Users\Lenovo\OneDrive\Desktop\INT prj 2 - Copy\venv311\Lib\site-packages\grpc\_interceptor.py"", line 314, in continuation
    response, call = self._thunk(new_method).with_call(
                     ^^^^^^^^^^^^^^^^^^^^^^^^^^^^^^^^^^
  File ""C:\Users\Lenovo\OneDrive\Desktop\INT prj 2 - Copy\venv311\Lib\site-packages\grpc\_channel.py"", line 1173, in with_call
    return _end_unary_response_blocking(state, call, True, None)
           ^^^^^^^^^^^^^^^^^^^^^^^^^^^^^^^^^^^^^^^^^^^^^^^^^^^^^
  File ""C:\Users\Lenovo\OneDrive\Desktop\INT prj 2 - Copy\venv311\Lib\site-packages\grpc\_channel.py"", line 990, in _end_unary_response_blocking
    raise _InactiveRpcError(state)  # pytype: disable=not-instantiable
    ^^^^^^^^^^^^^^^^^^^^^^^^^^^^^^
grpc._channel._InactiveRpcError: <_InactiveRpcError of RPC that terminated with:
	status = StatusCode.RESOURCE_EXHAUSTED
	details = ""You exceeded your current quota, please check your plan and billing details. For more information on this error, head to: https://ai.google.dev/gemini-api/docs/rate-limits. To monitor your current usage, head to: https://ai.dev/rate-limit. 
* Quota exceeded for metric: generativelanguage.googleapis.com/generate_content_free_tier_requests, limit: 20, model: gemini-2.5-flash
Please retry in 5.336414887s.""
	debug_error_string = ""RESOURCE_EXHAUSTED:You exceeded your current quota, please check your plan and billing details. For more information on this error, head to: https://ai.google.dev/gemini-api/docs/rate-limits. To monitor your current usage, head to: https://ai.dev/rate-limit. 
* Quota exceeded for metric: generativelanguage.googleapis.com/generate_content_free_tier_requests, limit: 20, model: gemini-2.5-flash
Please retry in 5.336414887s.""
>

The above exception was the direct cause of the following exception:

Traceback (most recent call last):
  File ""C:\Users\Lenovo\OneDrive\Desktop\INT prj 2 - Copy\utils\gemini.py"", line 257, in generate_gemini_learning_support
    response = model.generate_content(
               ^^^^^^^^^^^^^^^^^^^^^^^
  File ""C:\Users\Lenovo\OneDrive\Desktop\INT prj 2 - Copy\venv311\Lib\site-packages\google\generativeai\generative_models.py"", line 331, in generate_content
    response = self._client.generate_content(
               ^^^^^^^^^^^^^^^^^^^^^^^^^^^^^^
  File ""C:\Users\Lenovo\OneDrive\Desktop\INT prj 2 - Copy\venv311\Lib\site-packages\google\ai\generativelanguage_v1beta\services\generative_service\client.py"", line 835, in generate_content
    response = rpc(
               ^^^^
  File ""C:\Users\Lenovo\OneDrive\Desktop\INT prj 2 - Copy\venv311\Lib\site-packages\google\api_core\gapic_v1\method.py"", line 128, in __call__
    return wrapped_func(*args, **kwargs)
           ^^^^^^^^^^^^^^^^^^^^^^^^^^^^^
  File ""C:\Users\Lenovo\OneDrive\Desktop\INT prj 2 - Copy\venv311\Lib\site-packages\google\api_core\retry\retry_unary.py"", line 294, in retry_wrapped_func
    return retry_target(
           ^^^^^^^^^^^^^
  File ""C:\Users\Lenovo\OneDrive\Desktop\INT prj 2 - Copy\venv311\Lib\site-packages\google\api_core\retry\retry_unary.py"", line 156, in retry_target
    next_sleep = _retry_error_helper(
                 ^^^^^^^^^^^^^^^^^^^^
  File ""C:\Users\Lenovo\OneDrive\Desktop\INT prj 2 - Copy\venv311\Lib\site-packages\google\api_core\retry\retry_base.py"", line 216, in _retry_error_helper
    raise final_exc from source_exc
  File ""C:\Users\Lenovo\OneDrive\Desktop\INT prj 2 - Copy\venv311\Lib\site-packages\google\api_core\retry\retry_unary.py"", line 147, in retry_target
    result = target()
             ^^^^^^^^
  File ""C:\Users\Lenovo\OneDrive\Desktop\INT prj 2 - Copy\venv311\Lib\site-packages\google\api_core\timeout.py"", line 130, in func_with_timeout
    return func(*args, **kwargs)
           ^^^^^^^^^^^^^^^^^^^^^
  File ""C:\Users\Lenovo\OneDrive\Desktop\INT prj 2 - Copy\venv311\Lib\site-packages\google\api_core\grpc_helpers.py"", line 57, in error_remapped_callable
    raise exceptions.from_grpc_error(exc) from exc
google.api_core.exceptions.ResourceExhausted: 429 You exceeded your current quota, please check your plan and billing details. For more information on this error, head to: https://ai.google.dev/gemini-api/docs/rate-limits. To monitor your current usage, head to: https://ai.dev/rate-limit. 
* Quota exceeded for metric: generativelanguage.googleapis.com/generate_content_free_tier_requests, limit: 20, model: gemini-2.5-flash
Please retry in 5.336414887s. [links {
  description: ""Learn more about Gemini API quotas""
  url: ""https://ai.google.dev/gemini-api/docs/rate-limits""
}
, violations {
  quota_metric: ""generativelanguage.googleapis.com/generate_content_free_tier_requests""
  quota_id: ""GenerateRequestsPerDayPerProjectPerModel-FreeTier""
  quota_dimensions {
    key: ""model""
    value: ""gemini-2.5-flash""
  }
  quota_dimensions {
    key: ""location""
    value: ""global""
  }
  quota_value: 20
}
, retry_delay {
  seconds: 5
}
]
"
2026-07-10T07:01:12.203425+00:00,gemini-2.5-flash,504,DeadlineExceeded,The request timed out. Please try again.,"Traceback (most recent call last):
  File ""C:\Users\Lenovo\OneDrive\Desktop\INT prj 2 - Copy\venv311\Lib\site-packages\google\api_core\grpc_helpers.py"", line 55, in error_remapped_callable
    return callable_(*args, **kwargs)
           ^^^^^^^^^^^^^^^^^^^^^^^^^^
  File ""C:\Users\Lenovo\OneDrive\Desktop\INT prj 2 - Copy\venv311\Lib\site-packages\grpc\_interceptor.py"", line 276, in __call__
    response, ignored_call = self._with_call(
                             ^^^^^^^^^^^^^^^^
  File ""C:\Users\Lenovo\OneDrive\Desktop\INT prj 2 - Copy\venv311\Lib\site-packages\grpc\_interceptor.py"", line 331, in _with_call
    return call.result(), call
           ^^^^^^^^^^^^^
  File ""C:\Users\Lenovo\OneDrive\Desktop\INT prj 2 - Copy\venv311\Lib\site-packages\grpc\_channel.py"", line 438, in result
    raise self
  File ""C:\Users\Lenovo\OneDrive\Desktop\INT prj 2 - Copy\venv311\Lib\site-packages\grpc\_interceptor.py"", line 314, in continuation
    response, call = self._thunk(new_method).with_call(
                     ^^^^^^^^^^^^^^^^^^^^^^^^^^^^^^^^^^
  File ""C:\Users\Lenovo\OneDrive\Desktop\INT prj 2 - Copy\venv311\Lib\site-packages\grpc\_channel.py"", line 1173, in with_call
    return _end_unary_response_blocking(state, call, True, None)
           ^^^^^^^^^^^^^^^^^^^^^^^^^^^^^^^^^^^^^^^^^^^^^^^^^^^^^
  File ""C:\Users\Lenovo\OneDrive\Desktop\INT prj 2 - Copy\venv311\Lib\site-packages\grpc\_channel.py"", line 990, in _end_unary_response_blocking
    raise _InactiveRpcError(state)  # pytype: disable=not-instantiable
    ^^^^^^^^^^^^^^^^^^^^^^^^^^^^^^
grpc._channel._InactiveRpcError: <_InactiveRpcError of RPC that terminated with:
	status = StatusCode.DEADLINE_EXCEEDED
	details = ""The request timed out. Please try again.""
	debug_error_string = ""DEADLINE_EXCEEDED:The request timed out. Please try again.""
>

The above exception was the direct cause of the following exception:

Traceback (most recent call last):
  File ""c:\Users\Lenovo\OneDrive\Desktop\INT prj 2 - Copy\utils\gemini.py"", line 257, in generate_gemini_learning_support
    response = model.generate_content(
               ^^^^^^^^^^^^^^^^^^^^^^^
  File ""C:\Users\Lenovo\OneDrive\Desktop\INT prj 2 - Copy\venv311\Lib\site-packages\google\generativeai\generative_models.py"", line 331, in generate_content
    response = self._client.generate_content(
               ^^^^^^^^^^^^^^^^^^^^^^^^^^^^^^
  File ""C:\Users\Lenovo\OneDrive\Desktop\INT prj 2 - Copy\venv311\Lib\site-packages\google\ai\generativelanguage_v1beta\services\generative_service\client.py"", line 835, in generate_content
    response = rpc(
               ^^^^
  File ""C:\Users\Lenovo\OneDrive\Desktop\INT prj 2 - Copy\venv311\Lib\site-packages\google\api_core\gapic_v1\method.py"", line 128, in __call__
    return wrapped_func(*args, **kwargs)
           ^^^^^^^^^^^^^^^^^^^^^^^^^^^^^
  File ""C:\Users\Lenovo\OneDrive\Desktop\INT prj 2 - Copy\venv311\Lib\site-packages\google\api_core\retry\retry_unary.py"", line 294, in retry_wrapped_func
    return retry_target(
           ^^^^^^^^^^^^^
  File ""C:\Users\Lenovo\OneDrive\Desktop\INT prj 2 - Copy\venv311\Lib\site-packages\google\api_core\retry\retry_unary.py"", line 156, in retry_target
    next_sleep = _retry_error_helper(
                 ^^^^^^^^^^^^^^^^^^^^
  File ""C:\Users\Lenovo\OneDrive\Desktop\INT prj 2 - Copy\venv311\Lib\site-packages\google\api_core\retry\retry_base.py"", line 216, in _retry_error_helper
    raise final_exc from source_exc
  File ""C:\Users\Lenovo\OneDrive\Desktop\INT prj 2 - Copy\venv311\Lib\site-packages\google\api_core\retry\retry_unary.py"", line 147, in retry_target
    result = target()
             ^^^^^^^^
  File ""C:\Users\Lenovo\OneDrive\Desktop\INT prj 2 - Copy\venv311\Lib\site-packages\google\api_core\timeout.py"", line 130, in func_with_timeout
    return func(*args, **kwargs)
           ^^^^^^^^^^^^^^^^^^^^^
  File ""C:\Users\Lenovo\OneDrive\Desktop\INT prj 2 - Copy\venv311\Lib\site-packages\google\api_core\grpc_helpers.py"", line 57, in error_remapped_callable
    raise exceptions.from_grpc_error(exc) from exc
google.api_core.exceptions.DeadlineExceeded: 504 The request timed out. Please try again.
"
2026-07-10T07:01:57.292533+00:00,gemini-2.5-flash,504,DeadlineExceeded,The request timed out. Please try again.,"Traceback (most recent call last):
  File ""C:\Users\Lenovo\OneDrive\Desktop\INT prj 2 - Copy\venv311\Lib\site-packages\google\api_core\grpc_helpers.py"", line 55, in error_remapped_callable
    return callable_(*args, **kwargs)
           ^^^^^^^^^^^^^^^^^^^^^^^^^^
  File ""C:\Users\Lenovo\OneDrive\Desktop\INT prj 2 - Copy\venv311\Lib\site-packages\grpc\_interceptor.py"", line 276, in __call__
    response, ignored_call = self._with_call(
                             ^^^^^^^^^^^^^^^^
  File ""C:\Users\Lenovo\OneDrive\Desktop\INT prj 2 - Copy\venv311\Lib\site-packages\grpc\_interceptor.py"", line 331, in _with_call
    return call.result(), call
           ^^^^^^^^^^^^^
  File ""C:\Users\Lenovo\OneDrive\Desktop\INT prj 2 - Copy\venv311\Lib\site-packages\grpc\_channel.py"", line 438, in result
    raise self
  File ""C:\Users\Lenovo\OneDrive\Desktop\INT prj 2 - Copy\venv311\Lib\site-packages\grpc\_interceptor.py"", line 314, in continuation
    response, call = self._thunk(new_method).with_call(
                     ^^^^^^^^^^^^^^^^^^^^^^^^^^^^^^^^^^
  File ""C:\Users\Lenovo\OneDrive\Desktop\INT prj 2 - Copy\venv311\Lib\site-packages\grpc\_channel.py"", line 1173, in with_call
    return _end_unary_response_blocking(state, call, True, None)
           ^^^^^^^^^^^^^^^^^^^^^^^^^^^^^^^^^^^^^^^^^^^^^^^^^^^^^
  File ""C:\Users\Lenovo\OneDrive\Desktop\INT prj 2 - Copy\venv311\Lib\site-packages\grpc\_channel.py"", line 990, in _end_unary_response_blocking
    raise _InactiveRpcError(state)  # pytype: disable=not-instantiable
    ^^^^^^^^^^^^^^^^^^^^^^^^^^^^^^
grpc._channel._InactiveRpcError: <_InactiveRpcError of RPC that terminated with:
	status = StatusCode.DEADLINE_EXCEEDED
	details = ""The request timed out. Please try again.""
	debug_error_string = ""DEADLINE_EXCEEDED:The request timed out. Please try again.""
>

The above exception was the direct cause of the following exception:

Traceback (most recent call last):
  File ""c:\Users\Lenovo\OneDrive\Desktop\INT prj 2 - Copy\utils\gemini.py"", line 257, in generate_gemini_learning_support
    response = model.generate_content(
               ^^^^^^^^^^^^^^^^^^^^^^^
  File ""C:\Users\Lenovo\OneDrive\Desktop\INT prj 2 - Copy\venv311\Lib\site-packages\google\generativeai\generative_models.py"", line 331, in generate_content
    response = self._client.generate_content(
               ^^^^^^^^^^^^^^^^^^^^^^^^^^^^^^
  File ""C:\Users\Lenovo\OneDrive\Desktop\INT prj 2 - Copy\venv311\Lib\site-packages\google\ai\generativelanguage_v1beta\services\generative_service\client.py"", line 835, in generate_content
    response = rpc(
               ^^^^
  File ""C:\Users\Lenovo\OneDrive\Desktop\INT prj 2 - Copy\venv311\Lib\site-packages\google\api_core\gapic_v1\method.py"", line 128, in __call__
    return wrapped_func(*args, **kwargs)
           ^^^^^^^^^^^^^^^^^^^^^^^^^^^^^
  File ""C:\Users\Lenovo\OneDrive\Desktop\INT prj 2 - Copy\venv311\Lib\site-packages\google\api_core\retry\retry_unary.py"", line 294, in retry_wrapped_func
    return retry_target(
           ^^^^^^^^^^^^^
  File ""C:\Users\Lenovo\OneDrive\Desktop\INT prj 2 - Copy\venv311\Lib\site-packages\google\api_core\retry\retry_unary.py"", line 156, in retry_target
    next_sleep = _retry_error_helper(
                 ^^^^^^^^^^^^^^^^^^^^
  File ""C:\Users\Lenovo\OneDrive\Desktop\INT prj 2 - Copy\venv311\Lib\site-packages\google\api_core\retry\retry_base.py"", line 216, in _retry_error_helper
    raise final_exc from source_exc
  File ""C:\Users\Lenovo\OneDrive\Desktop\INT prj 2 - Copy\venv311\Lib\site-packages\google\api_core\retry\retry_unary.py"", line 147, in retry_target
    result = target()
             ^^^^^^^^
  File ""C:\Users\Lenovo\OneDrive\Desktop\INT prj 2 - Copy\venv311\Lib\site-packages\google\api_core\timeout.py"", line 130, in func_with_timeout
    return func(*args, **kwargs)
           ^^^^^^^^^^^^^^^^^^^^^
  File ""C:\Users\Lenovo\OneDrive\Desktop\INT prj 2 - Copy\venv311\Lib\site-packages\google\api_core\grpc_helpers.py"", line 57, in error_remapped_callable
    raise exceptions.from_grpc_error(exc) from exc
google.api_core.exceptions.DeadlineExceeded: 504 The request timed out. Please try again.
"
2026-07-10T07:02:42.063079+00:00,gemini-2.5-flash,504,DeadlineExceeded,The request timed out. Please try again.,"Traceback (most recent call last):
  File ""C:\Users\Lenovo\OneDrive\Desktop\INT prj 2 - Copy\venv311\Lib\site-packages\google\api_core\grpc_helpers.py"", line 55, in error_remapped_callable
    return callable_(*args, **kwargs)
           ^^^^^^^^^^^^^^^^^^^^^^^^^^
  File ""C:\Users\Lenovo\OneDrive\Desktop\INT prj 2 - Copy\venv311\Lib\site-packages\grpc\_interceptor.py"", line 276, in __call__
    response, ignored_call = self._with_call(
                             ^^^^^^^^^^^^^^^^
  File ""C:\Users\Lenovo\OneDrive\Desktop\INT prj 2 - Copy\venv311\Lib\site-packages\grpc\_interceptor.py"", line 331, in _with_call
    return call.result(), call
           ^^^^^^^^^^^^^
  File ""C:\Users\Lenovo\OneDrive\Desktop\INT prj 2 - Copy\venv311\Lib\site-packages\grpc\_channel.py"", line 438, in result
    raise self
  File ""C:\Users\Lenovo\OneDrive\Desktop\INT prj 2 - Copy\venv311\Lib\site-packages\grpc\_interceptor.py"", line 314, in continuation
    response, call = self._thunk(new_method).with_call(
                     ^^^^^^^^^^^^^^^^^^^^^^^^^^^^^^^^^^
  File ""C:\Users\Lenovo\OneDrive\Desktop\INT prj 2 - Copy\venv311\Lib\site-packages\grpc\_channel.py"", line 1173, in with_call
    return _end_unary_response_blocking(state, call, True, None)
           ^^^^^^^^^^^^^^^^^^^^^^^^^^^^^^^^^^^^^^^^^^^^^^^^^^^^^
  File ""C:\Users\Lenovo\OneDrive\Desktop\INT prj 2 - Copy\venv311\Lib\site-packages\grpc\_channel.py"", line 990, in _end_unary_response_blocking
    raise _InactiveRpcError(state)  # pytype: disable=not-instantiable
    ^^^^^^^^^^^^^^^^^^^^^^^^^^^^^^
grpc._channel._InactiveRpcError: <_InactiveRpcError of RPC that terminated with:
	status = StatusCode.DEADLINE_EXCEEDED
	details = ""The request timed out. Please try again.""
	debug_error_string = ""DEADLINE_EXCEEDED:The request timed out. Please try again.""
>

The above exception was the direct cause of the following exception:

Traceback (most recent call last):
  File ""c:\Users\Lenovo\OneDrive\Desktop\INT prj 2 - Copy\utils\gemini.py"", line 257, in generate_gemini_learning_support
    response = model.generate_content(
               ^^^^^^^^^^^^^^^^^^^^^^^
  File ""C:\Users\Lenovo\OneDrive\Desktop\INT prj 2 - Copy\venv311\Lib\site-packages\google\generativeai\generative_models.py"", line 331, in generate_content
    response = self._client.generate_content(
               ^^^^^^^^^^^^^^^^^^^^^^^^^^^^^^
  File ""C:\Users\Lenovo\OneDrive\Desktop\INT prj 2 - Copy\venv311\Lib\site-packages\google\ai\generativelanguage_v1beta\services\generative_service\client.py"", line 835, in generate_content
    response = rpc(
               ^^^^
  File ""C:\Users\Lenovo\OneDrive\Desktop\INT prj 2 - Copy\venv311\Lib\site-packages\google\api_core\gapic_v1\method.py"", line 128, in __call__
    return wrapped_func(*args, **kwargs)
           ^^^^^^^^^^^^^^^^^^^^^^^^^^^^^
  File ""C:\Users\Lenovo\OneDrive\Desktop\INT prj 2 - Copy\venv311\Lib\site-packages\google\api_core\retry\retry_unary.py"", line 294, in retry_wrapped_func
    return retry_target(
           ^^^^^^^^^^^^^
  File ""C:\Users\Lenovo\OneDrive\Desktop\INT prj 2 - Copy\venv311\Lib\site-packages\google\api_core\retry\retry_unary.py"", line 156, in retry_target
    next_sleep = _retry_error_helper(
                 ^^^^^^^^^^^^^^^^^^^^
  File ""C:\Users\Lenovo\OneDrive\Desktop\INT prj 2 - Copy\venv311\Lib\site-packages\google\api_core\retry\retry_base.py"", line 216, in _retry_error_helper
    raise final_exc from source_exc
  File ""C:\Users\Lenovo\OneDrive\Desktop\INT prj 2 - Copy\venv311\Lib\site-packages\google\api_core\retry\retry_unary.py"", line 147, in retry_target
    result = target()
             ^^^^^^^^
  File ""C:\Users\Lenovo\OneDrive\Desktop\INT prj 2 - Copy\venv311\Lib\site-packages\google\api_core\timeout.py"", line 130, in func_with_timeout
    return func(*args, **kwargs)
           ^^^^^^^^^^^^^^^^^^^^^
  File ""C:\Users\Lenovo\OneDrive\Desktop\INT prj 2 - Copy\venv311\Lib\site-packages\google\api_core\grpc_helpers.py"", line 57, in error_remapped_callable
    raise exceptions.from_grpc_error(exc) from exc
google.api_core.exceptions.DeadlineExceeded: 504 The request timed out. Please try again.
"
2026-07-10T07:10:26.284124+00:00,gemini-2.5-flash,429,ResourceExhausted,"You exceeded your current quota, please check your plan and billing details. For more information on this error, head to: https://ai.google.dev/gemini-api/docs/rate-limits. To monitor your current usage, head to: https://ai.dev/rate-limit. 
* Quota exceeded for metric: generativelanguage.googleapis.com/generate_content_free_tier_requests, limit: 20, model: gemini-2.5-flash
Please retry in 33.798125211s.","Traceback (most recent call last):
  File ""C:\Users\Lenovo\OneDrive\Desktop\INT prj 2 - Copy\venv311\Lib\site-packages\google\api_core\grpc_helpers.py"", line 55, in error_remapped_callable
    return callable_(*args, **kwargs)
           ^^^^^^^^^^^^^^^^^^^^^^^^^^
  File ""C:\Users\Lenovo\OneDrive\Desktop\INT prj 2 - Copy\venv311\Lib\site-packages\grpc\_interceptor.py"", line 276, in __call__
    response, ignored_call = self._with_call(
                             ^^^^^^^^^^^^^^^^
  File ""C:\Users\Lenovo\OneDrive\Desktop\INT prj 2 - Copy\venv311\Lib\site-packages\grpc\_interceptor.py"", line 331, in _with_call
    return call.result(), call
           ^^^^^^^^^^^^^
  File ""C:\Users\Lenovo\OneDrive\Desktop\INT prj 2 - Copy\venv311\Lib\site-packages\grpc\_channel.py"", line 438, in result
    raise self
  File ""C:\Users\Lenovo\OneDrive\Desktop\INT prj 2 - Copy\venv311\Lib\site-packages\grpc\_interceptor.py"", line 314, in continuation
    response, call = self._thunk(new_method).with_call(
                     ^^^^^^^^^^^^^^^^^^^^^^^^^^^^^^^^^^
  File ""C:\Users\Lenovo\OneDrive\Desktop\INT prj 2 - Copy\venv311\Lib\site-packages\grpc\_channel.py"", line 1173, in with_call
    return _end_unary_response_blocking(state, call, True, None)
           ^^^^^^^^^^^^^^^^^^^^^^^^^^^^^^^^^^^^^^^^^^^^^^^^^^^^^
  File ""C:\Users\Lenovo\OneDrive\Desktop\INT prj 2 - Copy\venv311\Lib\site-packages\grpc\_channel.py"", line 990, in _end_unary_response_blocking
    raise _InactiveRpcError(state)  # pytype: disable=not-instantiable
    ^^^^^^^^^^^^^^^^^^^^^^^^^^^^^^
grpc._channel._InactiveRpcError: <_InactiveRpcError of RPC that terminated with:
	status = StatusCode.RESOURCE_EXHAUSTED
	details = ""You exceeded your current quota, please check your plan and billing details. For more information on this error, head to: https://ai.google.dev/gemini-api/docs/rate-limits. To monitor your current usage, head to: https://ai.dev/rate-limit. 
* Quota exceeded for metric: generativelanguage.googleapis.com/generate_content_free_tier_requests, limit: 20, model: gemini-2.5-flash
Please retry in 33.798125211s.""
	debug_error_string = ""RESOURCE_EXHAUSTED:You exceeded your current quota, please check your plan and billing details. For more information on this error, head to: https://ai.google.dev/gemini-api/docs/rate-limits. To monitor your current usage, head to: https://ai.dev/rate-limit. 
* Quota exceeded for metric: generativelanguage.googleapis.com/generate_content_free_tier_requests, limit: 20, model: gemini-2.5-flash
Please retry in 33.798125211s.""
>

The above exception was the direct cause of the following exception:

Traceback (most recent call last):
  File ""C:\Users\Lenovo\OneDrive\Desktop\INT prj 2 - Copy\utils\gemini.py"", line 257, in generate_gemini_learning_support
    response = model.generate_content(
               ^^^^^^^^^^^^^^^^^^^^^^^
  File ""C:\Users\Lenovo\OneDrive\Desktop\INT prj 2 - Copy\venv311\Lib\site-packages\google\generativeai\generative_models.py"", line 331, in generate_content
    response = self._client.generate_content(
               ^^^^^^^^^^^^^^^^^^^^^^^^^^^^^^
  File ""C:\Users\Lenovo\OneDrive\Desktop\INT prj 2 - Copy\venv311\Lib\site-packages\google\ai\generativelanguage_v1beta\services\generative_service\client.py"", line 835, in generate_content
    response = rpc(
               ^^^^
  File ""C:\Users\Lenovo\OneDrive\Desktop\INT prj 2 - Copy\venv311\Lib\site-packages\google\api_core\gapic_v1\method.py"", line 128, in __call__
    return wrapped_func(*args, **kwargs)
           ^^^^^^^^^^^^^^^^^^^^^^^^^^^^^
  File ""C:\Users\Lenovo\OneDrive\Desktop\INT prj 2 - Copy\venv311\Lib\site-packages\google\api_core\retry\retry_unary.py"", line 294, in retry_wrapped_func
    return retry_target(
           ^^^^^^^^^^^^^
  File ""C:\Users\Lenovo\OneDrive\Desktop\INT prj 2 - Copy\venv311\Lib\site-packages\google\api_core\retry\retry_unary.py"", line 156, in retry_target
    next_sleep = _retry_error_helper(
                 ^^^^^^^^^^^^^^^^^^^^
  File ""C:\Users\Lenovo\OneDrive\Desktop\INT prj 2 - Copy\venv311\Lib\site-packages\google\api_core\retry\retry_base.py"", line 216, in _retry_error_helper
    raise final_exc from source_exc
  File ""C:\Users\Lenovo\OneDrive\Desktop\INT prj 2 - Copy\venv311\Lib\site-packages\google\api_core\retry\retry_unary.py"", line 147, in retry_target
    result = target()
             ^^^^^^^^
  File ""C:\Users\Lenovo\OneDrive\Desktop\INT prj 2 - Copy\venv311\Lib\site-packages\google\api_core\timeout.py"", line 130, in func_with_timeout
    return func(*args, **kwargs)
           ^^^^^^^^^^^^^^^^^^^^^
  File ""C:\Users\Lenovo\OneDrive\Desktop\INT prj 2 - Copy\venv311\Lib\site-packages\google\api_core\grpc_helpers.py"", line 57, in error_remapped_callable
    raise exceptions.from_grpc_error(exc) from exc
google.api_core.exceptions.ResourceExhausted: 429 You exceeded your current quota, please check your plan and billing details. For more information on this error, head to: https://ai.google.dev/gemini-api/docs/rate-limits. To monitor your current usage, head to: https://ai.dev/rate-limit. 
* Quota exceeded for metric: generativelanguage.googleapis.com/generate_content_free_tier_requests, limit: 20, model: gemini-2.5-flash
Please retry in 33.798125211s. [links {
  description: ""Learn more about Gemini API quotas""
  url: ""https://ai.google.dev/gemini-api/docs/rate-limits""
}
, violations {
  quota_metric: ""generativelanguage.googleapis.com/generate_content_free_tier_requests""
  quota_id: ""GenerateRequestsPerDayPerProjectPerModel-FreeTier""
  quota_dimensions {
    key: ""model""
    value: ""gemini-2.5-flash""
  }
  quota_dimensions {
    key: ""location""
    value: ""global""
  }
  quota_value: 20
}
, retry_delay {
  seconds: 33
}
]
"
2026-07-10T07:10:27.665208+00:00,gemini-2.5-flash,429,ResourceExhausted,"You exceeded your current quota, please check your plan and billing details. For more information on this error, head to: https://ai.google.dev/gemini-api/docs/rate-limits. To monitor your current usage, head to: https://ai.dev/rate-limit. 
* Quota exceeded for metric: generativelanguage.googleapis.com/generate_content_free_tier_requests, limit: 20, model: gemini-2.5-flash
Please retry in 32.413737282s.","Traceback (most recent call last):
  File ""C:\Users\Lenovo\OneDrive\Desktop\INT prj 2 - Copy\venv311\Lib\site-packages\google\api_core\grpc_helpers.py"", line 55, in error_remapped_callable
    return callable_(*args, **kwargs)
           ^^^^^^^^^^^^^^^^^^^^^^^^^^
  File ""C:\Users\Lenovo\OneDrive\Desktop\INT prj 2 - Copy\venv311\Lib\site-packages\grpc\_interceptor.py"", line 276, in __call__
    response, ignored_call = self._with_call(
                             ^^^^^^^^^^^^^^^^
  File ""C:\Users\Lenovo\OneDrive\Desktop\INT prj 2 - Copy\venv311\Lib\site-packages\grpc\_interceptor.py"", line 331, in _with_call
    return call.result(), call
           ^^^^^^^^^^^^^
  File ""C:\Users\Lenovo\OneDrive\Desktop\INT prj 2 - Copy\venv311\Lib\site-packages\grpc\_channel.py"", line 438, in result
    raise self
  File ""C:\Users\Lenovo\OneDrive\Desktop\INT prj 2 - Copy\venv311\Lib\site-packages\grpc\_interceptor.py"", line 314, in continuation
    response, call = self._thunk(new_method).with_call(
                     ^^^^^^^^^^^^^^^^^^^^^^^^^^^^^^^^^^
  File ""C:\Users\Lenovo\OneDrive\Desktop\INT prj 2 - Copy\venv311\Lib\site-packages\grpc\_channel.py"", line 1173, in with_call
    return _end_unary_response_blocking(state, call, True, None)
           ^^^^^^^^^^^^^^^^^^^^^^^^^^^^^^^^^^^^^^^^^^^^^^^^^^^^^
  File ""C:\Users\Lenovo\OneDrive\Desktop\INT prj 2 - Copy\venv311\Lib\site-packages\grpc\_channel.py"", line 990, in _end_unary_response_blocking
    raise _InactiveRpcError(state)  # pytype: disable=not-instantiable
    ^^^^^^^^^^^^^^^^^^^^^^^^^^^^^^
grpc._channel._InactiveRpcError: <_InactiveRpcError of RPC that terminated with:
	status = StatusCode.RESOURCE_EXHAUSTED
	details = ""You exceeded your current quota, please check your plan and billing details. For more information on this error, head to: https://ai.google.dev/gemini-api/docs/rate-limits. To monitor your current usage, head to: https://ai.dev/rate-limit. 
* Quota exceeded for metric: generativelanguage.googleapis.com/generate_content_free_tier_requests, limit: 20, model: gemini-2.5-flash
Please retry in 32.413737282s.""
	debug_error_string = ""RESOURCE_EXHAUSTED:You exceeded your current quota, please check your plan and billing details. For more information on this error, head to: https://ai.google.dev/gemini-api/docs/rate-limits. To monitor your current usage, head to: https://ai.dev/rate-limit. 
* Quota exceeded for metric: generativelanguage.googleapis.com/generate_content_free_tier_requests, limit: 20, model: gemini-2.5-flash
Please retry in 32.413737282s.""
>

The above exception was the direct cause of the following exception:

Traceback (most recent call last):
  File ""C:\Users\Lenovo\OneDrive\Desktop\INT prj 2 - Copy\utils\gemini.py"", line 257, in generate_gemini_learning_support
    response = model.generate_content(
               ^^^^^^^^^^^^^^^^^^^^^^^
  File ""C:\Users\Lenovo\OneDrive\Desktop\INT prj 2 - Copy\venv311\Lib\site-packages\google\generativeai\generative_models.py"", line 331, in generate_content
    response = self._client.generate_content(
               ^^^^^^^^^^^^^^^^^^^^^^^^^^^^^^
  File ""C:\Users\Lenovo\OneDrive\Desktop\INT prj 2 - Copy\venv311\Lib\site-packages\google\ai\generativelanguage_v1beta\services\generative_service\client.py"", line 835, in generate_content
    response = rpc(
               ^^^^
  File ""C:\Users\Lenovo\OneDrive\Desktop\INT prj 2 - Copy\venv311\Lib\site-packages\google\api_core\gapic_v1\method.py"", line 128, in __call__
    return wrapped_func(*args, **kwargs)
           ^^^^^^^^^^^^^^^^^^^^^^^^^^^^^
  File ""C:\Users\Lenovo\OneDrive\Desktop\INT prj 2 - Copy\venv311\Lib\site-packages\google\api_core\retry\retry_unary.py"", line 294, in retry_wrapped_func
    return retry_target(
           ^^^^^^^^^^^^^
  File ""C:\Users\Lenovo\OneDrive\Desktop\INT prj 2 - Copy\venv311\Lib\site-packages\google\api_core\retry\retry_unary.py"", line 156, in retry_target
    next_sleep = _retry_error_helper(
                 ^^^^^^^^^^^^^^^^^^^^
  File ""C:\Users\Lenovo\OneDrive\Desktop\INT prj 2 - Copy\venv311\Lib\site-packages\google\api_core\retry\retry_base.py"", line 216, in _retry_error_helper
    raise final_exc from source_exc
  File ""C:\Users\Lenovo\OneDrive\Desktop\INT prj 2 - Copy\venv311\Lib\site-packages\google\api_core\retry\retry_unary.py"", line 147, in retry_target
    result = target()
             ^^^^^^^^
  File ""C:\Users\Lenovo\OneDrive\Desktop\INT prj 2 - Copy\venv311\Lib\site-packages\google\api_core\timeout.py"", line 130, in func_with_timeout
    return func(*args, **kwargs)
           ^^^^^^^^^^^^^^^^^^^^^
  File ""C:\Users\Lenovo\OneDrive\Desktop\INT prj 2 - Copy\venv311\Lib\site-packages\google\api_core\grpc_helpers.py"", line 57, in error_remapped_callable
    raise exceptions.from_grpc_error(exc) from exc
google.api_core.exceptions.ResourceExhausted: 429 You exceeded your current quota, please check your plan and billing details. For more information on this error, head to: https://ai.google.dev/gemini-api/docs/rate-limits. To monitor your current usage, head to: https://ai.dev/rate-limit. 
* Quota exceeded for metric: generativelanguage.googleapis.com/generate_content_free_tier_requests, limit: 20, model: gemini-2.5-flash
Please retry in 32.413737282s. [links {
  description: ""Learn more about Gemini API quotas""
  url: ""https://ai.google.dev/gemini-api/docs/rate-limits""
}
, violations {
  quota_metric: ""generativelanguage.googleapis.com/generate_content_free_tier_requests""
  quota_id: ""GenerateRequestsPerDayPerProjectPerModel-FreeTier""
  quota_dimensions {
    key: ""model""
    value: ""gemini-2.5-flash""
  }
  quota_dimensions {
    key: ""location""
    value: ""global""
  }
  quota_value: 20
}
, retry_delay {
  seconds: 32
}
]
"
2026-07-10T07:11:36.479984+00:00,gemini-2.5-flash,429,ResourceExhausted,"You exceeded your current quota, please check your plan and billing details. For more information on this error, head to: https://ai.google.dev/gemini-api/docs/rate-limits. To monitor your current usage, head to: https://ai.dev/rate-limit. 
* Quota exceeded for metric: generativelanguage.googleapis.com/generate_content_free_tier_requests, limit: 20, model: gemini-2.5-flash
Please retry in 23.597691991s.","Traceback (most recent call last):
  File ""C:\Users\Lenovo\OneDrive\Desktop\INT prj 2 - Copy\venv311\Lib\site-packages\google\api_core\grpc_helpers.py"", line 55, in error_remapped_callable
    return callable_(*args, **kwargs)
           ^^^^^^^^^^^^^^^^^^^^^^^^^^
  File ""C:\Users\Lenovo\OneDrive\Desktop\INT prj 2 - Copy\venv311\Lib\site-packages\grpc\_interceptor.py"", line 276, in __call__
    response, ignored_call = self._with_call(
                             ^^^^^^^^^^^^^^^^
  File ""C:\Users\Lenovo\OneDrive\Desktop\INT prj 2 - Copy\venv311\Lib\site-packages\grpc\_interceptor.py"", line 331, in _with_call
    return call.result(), call
           ^^^^^^^^^^^^^
  File ""C:\Users\Lenovo\OneDrive\Desktop\INT prj 2 - Copy\venv311\Lib\site-packages\grpc\_channel.py"", line 438, in result
    raise self
  File ""C:\Users\Lenovo\OneDrive\Desktop\INT prj 2 - Copy\venv311\Lib\site-packages\grpc\_interceptor.py"", line 314, in continuation
    response, call = self._thunk(new_method).with_call(
                     ^^^^^^^^^^^^^^^^^^^^^^^^^^^^^^^^^^
  File ""C:\Users\Lenovo\OneDrive\Desktop\INT prj 2 - Copy\venv311\Lib\site-packages\grpc\_channel.py"", line 1173, in with_call
    return _end_unary_response_blocking(state, call, True, None)
           ^^^^^^^^^^^^^^^^^^^^^^^^^^^^^^^^^^^^^^^^^^^^^^^^^^^^^
  File ""C:\Users\Lenovo\OneDrive\Desktop\INT prj 2 - Copy\venv311\Lib\site-packages\grpc\_channel.py"", line 990, in _end_unary_response_blocking
    raise _InactiveRpcError(state)  # pytype: disable=not-instantiable
    ^^^^^^^^^^^^^^^^^^^^^^^^^^^^^^
grpc._channel._InactiveRpcError: <_InactiveRpcError of RPC that terminated with:
	status = StatusCode.RESOURCE_EXHAUSTED
	details = ""You exceeded your current quota, please check your plan and billing details. For more information on this error, head to: https://ai.google.dev/gemini-api/docs/rate-limits. To monitor your current usage, head to: https://ai.dev/rate-limit. 
* Quota exceeded for metric: generativelanguage.googleapis.com/generate_content_free_tier_requests, limit: 20, model: gemini-2.5-flash
Please retry in 23.597691991s.""
	debug_error_string = ""RESOURCE_EXHAUSTED:You exceeded your current quota, please check your plan and billing details. For more information on this error, head to: https://ai.google.dev/gemini-api/docs/rate-limits. To monitor your current usage, head to: https://ai.dev/rate-limit. 
* Quota exceeded for metric: generativelanguage.googleapis.com/generate_content_free_tier_requests, limit: 20, model: gemini-2.5-flash
Please retry in 23.597691991s.""
>

The above exception was the direct cause of the following exception:

Traceback (most recent call last):
  File ""C:\Users\Lenovo\OneDrive\Desktop\INT prj 2 - Copy\utils\gemini.py"", line 257, in generate_gemini_learning_support
    response = model.generate_content(
               ^^^^^^^^^^^^^^^^^^^^^^^
  File ""C:\Users\Lenovo\OneDrive\Desktop\INT prj 2 - Copy\venv311\Lib\site-packages\google\generativeai\generative_models.py"", line 331, in generate_content
    response = self._client.generate_content(
               ^^^^^^^^^^^^^^^^^^^^^^^^^^^^^^
  File ""C:\Users\Lenovo\OneDrive\Desktop\INT prj 2 - Copy\venv311\Lib\site-packages\google\ai\generativelanguage_v1beta\services\generative_service\client.py"", line 835, in generate_content
    response = rpc(
               ^^^^
  File ""C:\Users\Lenovo\OneDrive\Desktop\INT prj 2 - Copy\venv311\Lib\site-packages\google\api_core\gapic_v1\method.py"", line 128, in __call__
    return wrapped_func(*args, **kwargs)
           ^^^^^^^^^^^^^^^^^^^^^^^^^^^^^
  File ""C:\Users\Lenovo\OneDrive\Desktop\INT prj 2 - Copy\venv311\Lib\site-packages\google\api_core\retry\retry_unary.py"", line 294, in retry_wrapped_func
    return retry_target(
           ^^^^^^^^^^^^^
  File ""C:\Users\Lenovo\OneDrive\Desktop\INT prj 2 - Copy\venv311\Lib\site-packages\google\api_core\retry\retry_unary.py"", line 156, in retry_target
    next_sleep = _retry_error_helper(
                 ^^^^^^^^^^^^^^^^^^^^
  File ""C:\Users\Lenovo\OneDrive\Desktop\INT prj 2 - Copy\venv311\Lib\site-packages\google\api_core\retry\retry_base.py"", line 216, in _retry_error_helper
    raise final_exc from source_exc
  File ""C:\Users\Lenovo\OneDrive\Desktop\INT prj 2 - Copy\venv311\Lib\site-packages\google\api_core\retry\retry_unary.py"", line 147, in retry_target
    result = target()
             ^^^^^^^^
  File ""C:\Users\Lenovo\OneDrive\Desktop\INT prj 2 - Copy\venv311\Lib\site-packages\google\api_core\timeout.py"", line 130, in func_with_timeout
    return func(*args, **kwargs)
           ^^^^^^^^^^^^^^^^^^^^^
  File ""C:\Users\Lenovo\OneDrive\Desktop\INT prj 2 - Copy\venv311\Lib\site-packages\google\api_core\grpc_helpers.py"", line 57, in error_remapped_callable
    raise exceptions.from_grpc_error(exc) from exc
google.api_core.exceptions.ResourceExhausted: 429 You exceeded your current quota, please check your plan and billing details. For more information on this error, head to: https://ai.google.dev/gemini-api/docs/rate-limits. To monitor your current usage, head to: https://ai.dev/rate-limit. 
* Quota exceeded for metric: generativelanguage.googleapis.com/generate_content_free_tier_requests, limit: 20, model: gemini-2.5-flash
Please retry in 23.597691991s. [links {
  description: ""Learn more about Gemini API quotas""
  url: ""https://ai.google.dev/gemini-api/docs/rate-limits""
}
, violations {
  quota_metric: ""generativelanguage.googleapis.com/generate_content_free_tier_requests""
  quota_id: ""GenerateRequestsPerDayPerProjectPerModel-FreeTier""
  quota_dimensions {
    key: ""model""
    value: ""gemini-2.5-flash""
  }
  quota_dimensions {
    key: ""location""
    value: ""global""
  }
  quota_value: 20
}
, retry_delay {
  seconds: 23
}
]
"
